﻿<parameters>
  <parameter name="IIS Web Application Name" defaultValue="TravelAgency" tags="IisApp">
    <parameterEntry kind="ProviderPath" scope="IisApp" match="^C:\\Projects\\TravelAgency\\TravelAgency\\obj\\Release\\Package\\PackageTmp$" />
    <parameterEntry kind="ProviderPath" scope="setAcl" match="^C:\\Projects\\TravelAgency\\TravelAgency\\obj\\Release\\Package\\PackageTmp$" />
  </parameter>
  <parameter name="DefaultConnection-Web.config Connection String" defaultValue="Data Source=.\SQLEXPRESS;AttachDbFilename=|DataDirectory|\aspnet-WebLearn1-20150403023301.mdf;Initial Catalog=aspnet-WebLearn1-20150403023301;Integrated Security=True;User Instance=True">
    <parameterEntry kind="XmlFile" scope="C:\\Projects\\TravelAgency\\TravelAgency\\obj\\Release\\Package\\PackageTmp\\Web\.config$" match="/configuration/connectionStrings/add[@name='DefaultConnection']/@connectionString" />
  </parameter>
  <parameter name="TripsOfferDbContext-Web.config Connection String" defaultValue="Data Source=.\SQLEXPRESS;AttachDbFilename=|DataDirectory|\TripsOfferDb.mdf;Integrated Security=True;User Instance=True">
    <parameterEntry kind="XmlFile" scope="C:\\Projects\\TravelAgency\\TravelAgency\\obj\\Release\\Package\\PackageTmp\\Web\.config$" match="/configuration/connectionStrings/add[@name='TripsOfferDbContext']/@connectionString" />
  </parameter>
  <parameter name="WebLearn1.Models.ToursOfferDbContext-Web.config Connection String" defaultValue="WebLearn1.Models.ToursOfferDbContext_ConnectionString">
    <parameterEntry kind="XmlFile" scope="C:\\Projects\\TravelAgency\\TravelAgency\\obj\\Release\\Package\\PackageTmp\\Web\.config$" match="/configuration/connectionStrings/add[@name='WebLearn1.Models.ToursOfferDbContext']/@connectionString" />
  </parameter>
</parameters>